12555,Brute Force: RawArt Brute Bundle,12513,Brute Action Poses
7729,Generations Bundle - Characters,715,Merman
7730,Generations Bundle - Holidays,472,Santa Suit for Michael
7840,Holidays,472,Santa Suit for Michael
3886,Platinum Club Bonus Pack 2006 - 2007,468,Backpack (inactive)
4597,Mimc Mega Bundle with Platinum CLub Memebership,468,Backpack (inactive)
7721,Generations Bundle - Outfits,737,Skate Clothing Pack
8380,Holiday Havoc Bundle,457,Lil' Costume Shoppe
9229,Favorite Animals Pose Bundle,1947,Canine Journey Poses
7757,Generations Bundle - Textures # 2,392,Good vs. Evil Adventurers Mappak
2142,Michael 2 Bundle,163,Michael's Wedge Cut Hairstyle
255,Centaur (inactive),257,Centaur Mappak (inactive)
7732,Generations Bundle - Characters # 2,127,Knight
2143,Victoria 2 Bundle,705,Vicki's Subdividing Material Poses: Hosiery & Gloves
7731,Generations Bundle - Textures,592,Stephanie Texture Maps (high res)
5299,Build-a-Bundle 4,5004,Outlander for Michael
4298,Member's Choice Bundle Eight,5003,Outlander for Michael Texture Pack
4227,Member's Choice Bundle Nine,5002,Outlander for Victoria & Stephanie
4624,Ultimate Millennium Dragon Bundle,844,Millennium Dragon Textures
12550,Zombie Graveyard Bundle,945,Grim
11340,Create a Scene in DAZ Studio,1015,Cyclorama: Portrait Paper Backdrops
4649,Antiques Extravaganza,1019,Antique Furniture Pack Historical Map-Volume 1
7733,Generations Bundle - Vehicles,5047,SkyBike Expansion
13109,Halloween Starter Bundle,1085,Ghost
13111,Haunt Mega Bundle,1085,Ghost
8748,Third Generation Bailout Bundle,1102,Victoria 3.0 Universal Texture Maps (High Res)
7206,Aiko 3 Morphs and Maps,1102,Victoria 3.0 Universal Texture Maps (High Res)
5269,Platinum Club Platinum Club Bonus Pack 2007 - 2008,1110,V3 Bikini
1862,Stephanie 3.0 Petite Starter Pack,1133,Second Skin Pants & Tops Textures for V3/SP
4554,Ingenue Vickie and Glamorous Vickie Bundle II,1171,Glamorous Vicki Set for Victoria 3.0
3928,Millennium Morph Pack Bundle,2252,David Body Morphs
1944,Sea Life Pack 2,331,Angelfish
2635,3D Starter Pack,331,Angelfish
7758,Generations Bundle - Props,1213,Paradise Pavilion Texture Bundle
3163,Fantasy Creature Bundle,487,Adult Hatchling Dragon
4647,Luthbel Classics II: David Megabundle,5041,Medieval Heroes 2: The Bard for David
4538,Member's Choice Bundle One,5007,600 Pre-Teen Hand and Body Poses
1,Platinum Club Monthly Membership,1295,V3 Morphing Fantasy Dress
1444,Platinum Club Annual Membership,1295,V3 Morphing Fantasy Dress
1626,Platinum Club Membership Annual Renewal,1295,V3 Morphing Fantasy Dress
1895,Millennium Cat Bundle,1508,Classic Cats 2
13942,Animal Starter Bundle,1508,Classic Cats 2
13519,Classics Bundle for Genesis,13337,Future Cop For Gen
13497,Victoria 5 Pro Bundle,13339,Chelsea Hair
14060,3D Model Pro Suite,13339,Chelsea Hair
13938,Genesis Scifi Starter Bundle,13265,SciFi Bunny For Genesis
13344,Carnival Extravaganza 3,13004,Dust Bowl Clunkers
13343,Carnival Extravaganza 4,12733,Pickup Truck 1930
13342,Feather Male Hair,13205,Feather Male Hair
13341,Feather Hair,13209,Colors for Feather Hair DO NOT USE
4274,Stephanie 3 Fantasy Extravaganza,1540,Expansion Pack for SP MFD
13340,She's Got Flair for V4,12803,Night and Day for She's Got Flair DO NOT USE
13267,Carnival Extravaganza 1,12709,Working Man M4 Unimesh Fits
3737,UTC Bundle Pack,1527,UTC Michael 1/2 + Stephanie Plugins
5285,Build-a-Bundle 3,5236,M3 Sci-Fi Outfit
4354,Member's Choice Bundle Five,1562,Michael 3.0 Universal Texture Maps (High Res)
4646,Luthbel Classics I: Michael 3 Megabundle,5042,High Elves: Warriors of the Forest for M3
9384,Deviant Bundle,2717,The Graveyard
13108,Haunt Starter Bundle,2717,The Graveyard
3924,Build-a-Bundle I,5245,Hip Hop Outfit for M3
7722,Generations Bundle - Sara,1728,Sara - Real Textures
,,2996,Sara - Real Textures
8434,Think Outside The Box #4,1738,CandleWorks
9192,They're Back Bundle for M3,1697,Davey Jones Ghost
5276,Build-a-Bundle 2,5038,Kung-Fu Clothes for M3
1894,Millennium Dog Bundle,1892,Classic Canines Combo
5504,3D Starter Bundle - SciFi,